# noinspection SqlResolveForFile

CREATE USER 'teacher'@'localhost' IDENTIFIED BY 'teacher';

ALTER USER 'teacher'@'localhost' IDENTIFIED WITH mysql_native_password BY 'teacher';

GRANT ALL PRIVILEGES ON lessons.* TO 'teacher'@'localhost';

select * from mysql. user;

drop table FACT;
drop table DEFINITION;
DROP Table code;
drop table PAGE_CONTENT;
drop table CONTENT;

CREATE TABLE SNIPPET_LANGUAGE (
  ID INT(6) UNSIGNED AUTO_INCREMENT PRIMARY KEY,
  ENUM_TYPE VARCHAR(30) NOT NULL,
  FRIENDLY_TYPE VARCHAR(30) NOT NULL
);

INSERT INTO SNIPPET_LANGUAGE(id, ENUM_TYPE, FRIENDLY_TYPE) VALUE (1, "JAVA", "Java");
INSERT INTO SNIPPET_LANGUAGE(id, ENUM_TYPE, FRIENDLY_TYPE) VALUE (2, "JAVASCRIPT", "JavaScript");
INSERT INTO SNIPPET_LANGUAGE(id, ENUM_TYPE, FRIENDLY_TYPE) VALUE (3, "HTML", "HTML");
INSERT INTO SNIPPET_LANGUAGE(id, ENUM_TYPE, FRIENDLY_TYPE) VALUE (4, "CSS", "CSS");

CREATE TABLE CONTENT_TYPE (
    ID INT(6) UNSIGNED AUTO_INCREMENT PRIMARY KEY,
    ENUM_TYPE VARCHAR(30) NOT NULL,
    FRIENDLY_TYPE VARCHAR(30) NOT NULL
);

INSERT INTO CONTENT_TYPE(ID, ENUM_TYPE, FRIENDLY_TYPE) VALUE (1, "DEFINITION", "Definition");
INSERT INTO CONTENT_TYPE(ID, ENUM_TYPE, FRIENDLY_TYPE) VALUE (2, "FACT", "Fact");
INSERT INTO CONTENT_TYPE(ID, ENUM_TYPE, FRIENDLY_TYPE) VALUE (3, "CODE", "Code");


INSERT INTO TestInfo (id, NAME) VALUE (1,'Test1');
INSERT INTO TestInfo (id, NAME) VALUE (2,'Test1');
INSERT INTO TestInfo (id, NAME) VALUE (3,'Test2');

INSERT INTO COURSE (ID, MAX_ATTENDEES, NAME, SUMMARY) VALUE (1, 5, "Sewing", "Learn how to use a sewing machine and sew garments and items for your home.");
INSERT INTO COURSE (ID, MAX_ATTENDEES, NAME, SUMMARY) VALUE (2, 12, "Java", "Learn to code in Java using good Object Oriented design principles such as SOLID.");
INSERT INTO COURSE (ID, MAX_ATTENDEES, NAME, SUMMARY) VALUE (3, 12, "Web Development", "Learn to code web pages using technologies such as CSS, HTML and JavaScript.");

INSERT INTO SUBJECT (ID, NAME, SUMMARY, SUBJECT_NUMBER, COURSE_ID) VALUE (1, "SEWING BASICS", "Learn to thread and use a machine. Create simple projects using straight and zig-zag stitches.", 1, 1);
INSERT INTO SUBJECT (ID, NAME, SUMMARY, SUBJECT_NUMBER, COURSE_ID) VALUE (2, "DRESS MAKING BASICS", "Learn to make simple garments from patterns.", 2, 1);
INSERT INTO SUBJECT (ID, NAME, SUMMARY, SUBJECT_NUMBER, COURSE_ID) VALUE (3, "HTML", "Learn HTML and start putting content in your web pages.", 1, 3);
INSERT INTO SUBJECT (ID, NAME, SUMMARY, SUBJECT_NUMBER, COURSE_ID) VALUE (4, "CSS", "Learn the basics of CSS and use it to style your web pages.", 2, 3);
INSERT INTO SUBJECT (ID, NAME, SUMMARY, SUBJECT_NUMBER, COURSE_ID) VALUE (5, "JavaScript", "Use JavaScript to make your, web pages responsive.", 3, 3);
INSERT INTO SUBJECT (ID, NAME, SUMMARY, SUBJECT_NUMBER, COURSE_ID) VALUE (6, "Java Basics", "Learn the basics of object oriented programming from variables and classes to for loops and methods.", 1, 2);

INSERT INTO LESSON (ID, NAME, LESSON_NUMBER, SUBJECT_ID) VALUE (1, "Threading the machine", 1, 1);
INSERT INTO LESSON (ID, NAME, LESSON_NUMBER, SUBJECT_ID) VALUE (2, "Sewing a zip", 2, 1);
INSERT INTO LESSON (ID, NAME, LESSON_NUMBER, SUBJECT_ID) VALUE (3, "Hand sew a hem", 3, 2);

INSERT INTO LESSON (ID, NAME, LESSON_NUMBER, SUBJECT_ID) VALUE (4, "Introduction", 1, 6);
INSERT INTO LESSON (ID, NAME, LESSON_NUMBER, SUBJECT_ID) VALUE (5, "Primitive Data Types", 2, 6);
INSERT INTO LESSON (ID, NAME, LESSON_NUMBER, SUBJECT_ID) VALUE (6, "Objects", 3, 6);
INSERT INTO LESSON (ID, NAME, LESSON_NUMBER, SUBJECT_ID) VALUE (7, "Constructors", 4, 6);
INSERT INTO LESSON (ID, NAME, LESSON_NUMBER, SUBJECT_ID) VALUE (8, "Loops", 5, 6);
INSERT INTO LESSON (ID, NAME, LESSON_NUMBER, SUBJECT_ID) VALUE (9, "Modifiers", 6, 6);
INSERT INTO LESSON (ID, NAME, LESSON_NUMBER, SUBJECT_ID) VALUE (10, "Enums", 7, 6);
INSERT INTO LESSON (ID, NAME, LESSON_NUMBER, SUBJECT_ID) VALUE (11, "Collections", 8, 6);

INSERT INTO PAGE (ID, PAGE_NUMBER, LESSON_ID) VALUE (1, 1, 4);
INSERT INTO PAGE (ID, PAGE_NUMBER, LESSON_ID) VALUE (2, 2, 4);
INSERT INTO PAGE (ID, PAGE_NUMBER, LESSON_ID) VALUE (3, 3, 4);

INSERT INTO CONTENT(ID, CONTENT_TYPE) VALUE (1, 2);
INSERT INTO FACT(CONTENT_ID, FACT) VALUE (1, "Java is an object-oriented programming language");
INSERT INTO PAGE_CONTENT(ID, PAGE_ID, CONTENT_ID, CONTENT_NUMBER) VALUE (1, 1, 1, 1);

INSERT INTO CONTENT(ID, CONTENT_TYPE) VALUE (2, 2);
INSERT INTO FACT(CONTENT_ID, FACT) VALUE (2, "Java is platform independent");
INSERT INTO PAGE_CONTENT(ID, PAGE_ID, CONTENT_ID, CONTENT_NUMBER) VALUE (2, 1, 2, 2);


INSERT INTO CONTENT(ID, CONTENT_TYPE) VALUE (3, 2);
INSERT INTO FACT(CONTENT_ID, FACT) VALUE (3, "Compiler converts Java code to Java bytecode");
INSERT INTO PAGE_CONTENT(ID, PAGE_ID, CONTENT_ID, CONTENT_NUMBER) VALUE (3, 1, 3, 3);

INSERT INTO CONTENT(ID, CONTENT_TYPE) VALUE (4, 1);
INSERT INTO DEFINITION(CONTENT_ID, TERM, EXPLANATION) VALUE (4, "JVM", "Java Virtual Machine");
INSERT INTO PAGE_CONTENT(ID, PAGE_ID, CONTENT_ID, CONTENT_NUMBER) VALUE (4, 1, 4, 4);

INSERT INTO CONTENT(ID, CONTENT_TYPE) VALUE (5, 2);
INSERT INTO FACT(CONTENT_ID, FACT) VALUE (5, "JVM executes Java bytecode");
INSERT INTO PAGE_CONTENT(ID, PAGE_ID, CONTENT_ID, CONTENT_NUMBER) VALUE (5, 1, 5, 5);
